<?xml version="1.0" encoding="UTF-8"?>
<project version="4">
  <component name="ChangeListManager">
    <list default="true" id="d501b9c2-2c95-4e35-9c11-8ec869292895" name="Default Changelist" comment="" />
    <option name="EXCLUDED_CONVERTED_TO_IGNORED" value="true" />
    <option name="SHOW_DIALOG" value="false" />
    <option name="HIGHLIGHT_CONFLICTS" value="true" />
    <option name="HIGHLIGHT_NON_ACTIVE_CHANGELIST" value="false" />
    <option name="LAST_RESOLUTION" value="IGNORE" />
  </component>
  <component name="ComposerSettings">
    <execution>
      <executable />
    </execution>
  </component>
  <component name="DatabaseView">
    <option name="SHOW_INTERMEDIATE" value="true" />
    <option name="GROUP_DATA_SOURCES" value="true" />
    <option name="GROUP_SCHEMA" value="true" />
    <option name="GROUP_CONTENTS" value="false" />
    <option name="SORT_POSITIONED" value="false" />
    <option name="SHOW_EMPTY_GROUPS" value="false" />
    <option name="AUTO_SCROLL_FROM_SOURCE" value="false" />
    <option name="HIDDEN_KINDS">
      <set />
    </option>
    <expand>
      <path>
        <item name="Database" type="3277223f:DatabaseStructure$DbRootGroup" />
        <item name="roosterit@db4free.net" type="feb32156:DbDataSourceImpl" />
      </path>
      <path>
        <item name="Database" type="3277223f:DatabaseStructure$DbRootGroup" />
        <item name="roosterit@db4free.net" type="feb32156:DbDataSourceImpl" />
        <item name="schemas" type="d4e8921:DatabaseStructure$FamilyGroup" />
      </path>
      <path>
        <item name="Database" type="3277223f:DatabaseStructure$DbRootGroup" />
        <item name="roosterit@db4free.net" type="feb32156:DbDataSourceImpl" />
        <item name="schemas" type="d4e8921:DatabaseStructure$FamilyGroup" />
        <item name="roosterit: schema" type="76f4a085:MysqlImplModel$Schema" />
      </path>
      <path>
        <item name="Database" type="3277223f:DatabaseStructure$DbRootGroup" />
        <item name="roosterit@db4free.net" type="feb32156:DbDataSourceImpl" />
        <item name="schemas" type="d4e8921:DatabaseStructure$FamilyGroup" />
        <item name="roosterit: schema" type="76f4a085:MysqlImplModel$Schema" />
        <item name="bedrijf: table" type="285a2a93:MysqlImplModel$Table" />
      </path>
    </expand>
    <select />
  </component>
  <component name="FileTemplateManagerImpl">
    <option name="RECENT_TEMPLATES">
      <list>
        <option value="JavaScript File" />
      </list>
    </option>
  </component>
  <component name="ProjectId" id="1RVbmfjYViWj7gxlVXEjSShc5W2" />
  <component name="PropertiesComponent">
    <property name="DatabaseDriversLRU" value="mysql" />
    <property name="WebServerToolWindowFactoryState" value="false" />
    <property name="aspect.path.notification.shown" value="true" />
    <property name="javascript.nodejs.core.library.configured.version" value="8.12.0" />
    <property name="last_opened_file_path" value="$PROJECT_DIR$/server.js" />
    <property name="nodejs_interpreter_path" value="node" />
    <property name="nodejs_package_manager_path" value="npm" />
  </component>
  <component name="RecentsManager">
    <key name="MoveFile.RECENT_KEYS">
      <recent name="C:\Users\Gebruiker\Documents\GitHub\#School\full-stack-app\server" />
    </key>
  </component>
  <component name="RunDashboard">
    <option name="ruleStates">
      <list>
        <RuleState>
          <option name="name" value="ConfigurationTypeDashboardGroupingRule" />
        </RuleState>
        <RuleState>
          <option name="name" value="StatusDashboardGroupingRule" />
        </RuleState>
      </list>
    </option>
  </component>
  <component name="RunManager" selected="npm.start">
    <configuration name="server.js" type="NodeJSConfigurationType" nameIsGenerated="true" path-to-js-file="server.js" working-dir="$PROJECT_DIR$">
      <method v="2" />
    </configuration>
    <configuration name="start" type="js.build_tools.npm" temporary="true" nameIsGenerated="true">
      <package-json value="$PROJECT_DIR$/package.json" />
      <command value="run" />
      <scripts>
        <script value="start" />
      </scripts>
      <node-interpreter value="project" />
      <envs />
      <method v="2" />
    </configuration>
    <list>
      <item itemvalue="Node.js.server.js" />
      <item itemvalue="npm.start" />
    </list>
    <recent_temporary>
      <list>
        <item itemvalue="npm.start" />
      </list>
    </recent_temporary>
  </component>
  <component name="ServiceViewManager">
    <option name="allServicesViewState">
      <serviceView>
        <option name="contentProportion" value="0.38754326" />
        <treeState>
          <expand>
            <path>
              <item name="services root" type="e789fda9:ObjectUtils$Sentinel" />
              <item name="com.intellij.execution.services.ServiceModel$ServiceGroupNode@c225fe20" type="7427dc5b:ServiceModel$ServiceGroupNode" />
            </path>
            <path>
              <item name="services root" type="e789fda9:ObjectUtils$Sentinel" />
              <item name="com.intellij.execution.services.ServiceModel$ServiceGroupNode@c225fe20" type="7427dc5b:ServiceModel$ServiceGroupNode" />
              <item name="com.intellij.execution.services.ServiceModel$ServiceNode@482a0f1a" type="9fbbdea:ServiceModel$ServiceNode" />
            </path>
            <path>
              <item name="services root" type="e789fda9:ObjectUtils$Sentinel" />
              <item name="com.intellij.execution.services.ServiceModel$ServiceGroupNode@c225fe20" type="7427dc5b:ServiceModel$ServiceGroupNode" />
              <item name="com.intellij.execution.services.ServiceModel$ServiceNode@6d1c66ee" type="9fbbdea:ServiceModel$ServiceNode" />
            </path>
          </expand>
          <select />
        </treeState>
      </serviceView>
    </option>
  </component>
  <component name="SvnConfiguration">
    <configuration />
  </component>
  <component name="TaskManager">
    <task active="true" id="Default" summary="Default task">
      <changelist id="d501b9c2-2c95-4e35-9c11-8ec869292895" name="Default Changelist" comment="" />
      <created>1569755370968</created>
      <option name="number" value="Default" />
      <option name="presentableId" value="Default" />
      <updated>1569755370968</updated>
      <workItem from="1569755374583" duration="10729000" />
    </task>
    <servers />
  </component>
  <component name="TypeScriptGeneratedFilesManager">
    <option name="version" value="1" />
  </component>
</project>